,Edit-Distance Immediate Similarity,Edit-Distance Full Similarity,Jaccard Index Similarity,Longest Maximal Independent Set,Number of Maximal Cliques,Longest Maximal Clique
0,0.0,0.0695106759526174,0.015093814791050927,24,40560,2
1,0.0,0.2780427038104698,0.015093814791050928,24,40560,2
2,0.0,0.07785036190282113,0.01901239784426396,24,40560,2
3,0.0,0.6228028952225693,0.019012397844263965,24,40560,2
4,0.0,0.810993829237537,0.2939355759106525,24,40560,2
5,0.0,0.9268500905571851,0.29393557591065256,24,40560,2
6,0.056976312720275146,0.9650631120193488,0.054198470015982596,24,40560,2
7,0.01899210424009168,0.48253155600967435,0.054198470015982596,24,40560,2
8,0.0,0.0,0.0,24,40560,2
9,0.0,0.0,0.0,24,40560,2
10,0.0,0.0,0.0,24,40560,2
11,1.0,1.0,0.0,24,40560,2
12,0.0,0.9155117228930507,0.07832897749098537,24,40560,2
13,0.0,0.430829046067318,0.07832897749098536,24,40560,2
14,0.0,0.0,0.0,24,40560,2
15,0.0,0.0,0.0,24,40560,2
16,0.0,0.0,0.0,24,40560,2
17,1.0,1.0,0.0,24,40560,2
18,0.0,0.0,0.0,24,40560,2
19,1.0,1.0,0.0,24,40560,2
20,0.1888482811049199,0.8421209046769818,0.07695827388039504,24,40560,2
21,0.0629494270349733,0.4812119455297039,0.07695827388039504,24,40560,2
22,0.0,0.0,0.0,24,40560,2
23,1.0,1.0,0.0,24,40560,2
24,0.0,0.04325551154973806,0.013208529829708125,24,40560,2
25,0.0,0.34604409239790457,0.013208529829708127,24,40560,2
26,0.0,0.0,0.0,24,40560,2
27,1.0,1.0,0.0,24,40560,2
28,0.0,0.9307048969120812,0.052453370665238905,24,40560,2
29,0.0,0.3545542464426976,0.05245337066523892,24,40560,2
30,0.0,0.3630445605287681,0.15581703741858247,24,40560,2
31,0.0,0.7260891210575362,0.15581703741858252,24,40560,2
32,0.0,0.9155117228930507,0.07528543712722434,24,40560,2
33,0.0,0.4068940990635781,0.07528543712722434,24,40560,2
34,0.0,0.0,0.0,24,40560,2
35,0.0,0.0,0.0,24,40560,2
36,0.0,0.9211908962113173,0.1402611201250324,24,40560,2
37,0.0,0.8188363521878377,0.1402611201250324,24,40560,2
38,0.0,0.34355407953477723,0.05537862624596076,24,40560,2
39,0.0,0.9161442120927393,0.05537862624596077,24,40560,2
40,0.0,0.9153380324344189,0.035971936472706745,24,40560,2
41,0.0,0.2816424715182827,0.03597193647270675,24,40560,2
42,0.0,0.0,0.0,24,40560,2
43,1.0,1.0,0.0,24,40560,2
44,0.0,0.0,0.0,24,40560,2
45,1.0,1.0,0.0,24,40560,2
46,0.0,0.0,0.0,24,40560,2
47,1.0,1.0,0.0,24,40560,2
48,0.0,0.0,0.0,24,40560,2
49,1.0,1.0,0.0,24,40560,2
50,0.0,0.9650631120193488,0.05820527353860067,24,40560,2
51,0.0,0.4541473468326347,0.05820527353860067,24,40560,2
52,0.0,0.9650631120193488,0.08655653503759189,24,40560,2
53,0.0,0.5938849920119069,0.08655653503759188,24,40560,2
54,0.0,0.0,0.0,24,40560,2
55,1.0,1.0,0.0,24,40560,2
56,0.0,0.9153380324344189,0.032879236749929555,24,40560,2
57,0.0,0.29290817037901407,0.03287923674992956,24,40560,2
58,0.0,0.0,0.0,24,40560,2
59,1.0,1.0,0.0,24,40560,2
60,0.7842038673485942,0.9468421612117034,0.12757897967634388,24,40560,2
61,0.392101933674297,0.7574737289693627,0.12757897967634388,24,40560,2
62,0.0,0.9650631120193488,0.06745076878674651,24,40560,2
63,0.0,0.5514646354396279,0.06745076878674651,24,40560,2
64,0.0,0.0,0.0,24,40560,2
65,1.0,1.0,0.0,24,40560,2
66,0.0,0.24765307761454158,0.08831019856529794,24,40560,2
67,0.0,0.9906123104581663,0.08831019856529793,24,40560,2
68,0.0,0.9155117228930507,0.08281455980495679,24,40560,2
69,0.0,0.4068940990635781,0.08281455980495679,24,40560,2
70,0.0,0.9650631120193488,0.10520350383217245,24,40560,2
71,0.0,0.6433754080128993,0.10520350383217245,24,40560,2
72,0.0,0.0,0.0,24,40560,2
73,0.0,0.0,0.0,24,40560,2
74,0.0,0.0,0.0,24,40560,2
75,1.0,1.0,0.0,24,40560,2
76,0.0,0.9155117228930507,0.05178322657971826,24,40560,2
77,0.0,0.36620468915722026,0.05178322657971826,24,40560,2
78,0.4666412561991852,0.4666412561991852,0.7041402382849649,24,40560,2
79,0.9332825123983703,0.9332825123983703,0.7041402382849649,24,40560,2
80,0.0,0.2780427038104698,0.009373483629828854,24,40560,2
81,0.0,0.07944077251727699,0.009373483629828854,24,40560,2
82,0.0,0.2780427038104698,0.0023257550359649516,24,40560,2
83,0.0,0.0347553379763087,0.0023257550359649516,24,40560,2
84,0.0,0.0,0.0,24,40560,2
85,0.0,0.0,0.0,24,40560,2
86,0.0,0.0,0.0,24,40560,2
87,1.0,1.0,0.0,24,40560,2
88,0.0,0.7484202383645604,0.013392891348714337,24,40560,2
89,0.0,0.08804943980759539,0.013392891348714336,24,40560,2
90,0.0,0.0,0.0,24,40560,2
91,0.0,0.0,0.0,24,40560,2
92,0.0,0.0,0.0,24,40560,2
93,1.0,1.0,0.0,24,40560,2
94,0.0,0.0,0.0,24,40560,2
95,1.0,1.0,0.0,24,40560,2
96,0.0,0.3106284327447013,0.020695521191707596,24,40560,2
97,0.0,0.04437549039210009,0.020695521191707596,24,40560,2
98,0.0,0.0,0.0,24,40560,2
99,1.0,1.0,0.0,24,40560,2
100,0.3949793423884824,0.3949793423884824,0.5977057349998122,24,40560,2
101,0.789958684776965,0.789958684776965,0.5977057349998122,24,40560,2
102,0.0,0.0,0.0,24,40560,2
103,1.0,1.0,0.0,24,40560,2
104,0.0,0.7339795405210489,0.003900993465957293,24,40560,2
105,0.0,0.06990281338295712,0.0039009934659572933,24,40560,2
106,0.0,0.2780427038104698,0.006485423151532213,24,40560,2
107,0.0,0.1390213519052349,0.006485423151532213,24,40560,2
108,0.0,0.7484202383645604,0.01294060731376132,24,40560,2
109,0.0,0.08315780426272901,0.012940607313761322,24,40560,2
110,0.0,0.0,0.0,24,40560,2
111,0.0,0.0,0.0,24,40560,2
112,0.0,0.2780427038104698,0.005162374668781312,24,40560,2
113,0.0,0.06178726751343766,0.005162374668781312,24,40560,2
114,0.0,0.3106284327447013,0.10217596432796153,24,40560,2
115,0.0,0.20708562182980084,0.10217596432796153,24,40560,2
116,0.0,0.7665652694552803,0.01158857109460829,24,40560,2
117,0.0,0.05896655918886762,0.011588571094608292,24,40560,2
118,0.0,0.0,0.0,24,40560,2
119,1.0,1.0,0.0,24,40560,2
120,0.0,0.0,0.0,24,40560,2
121,1.0,1.0,0.0,24,40560,2
122,0.0,0.0,0.0,24,40560,2
123,1.0,1.0,0.0,24,40560,2
124,0.0,0.0,0.0,24,40560,2
125,1.0,1.0,0.0,24,40560,2
126,0.0,0.2780427038104698,0.0024785494478191724,24,40560,2
127,0.0,0.03271090633064355,0.0024785494478191724,24,40560,2
128,0.0,0.2780427038104698,0.0034962086001585936,24,40560,2
129,0.0,0.0427758005862261,0.0034962086001585936,24,40560,2
130,0.0,0.0,0.0,24,40560,2
131,1.0,1.0,0.0,24,40560,2
132,0.0,0.7665652694552803,0.010649596770187142,24,40560,2
133,0.0,0.061325221556422393,0.010649596770187144,24,40560,2
134,0.0,0.0,0.0,24,40560,2
135,1.0,1.0,0.0,24,40560,2
136,0.0,0.2780427038104698,0.0047961750360370125,24,40560,2
137,0.0,0.05560854076209387,0.0047961750360370125,24,40560,2
138,0.0,0.2780427038104698,0.0028223320227662553,24,40560,2
139,0.0,0.039720386258638496,0.0028223320227662553,24,40560,2
140,0.0,0.0,0.0,24,40560,2
141,1.0,1.0,0.0,24,40560,2
142,0.0,0.2780427038104698,0.020524047155473762,24,40560,2
143,0.0,0.2780427038104698,0.020524047155473762,24,40560,2
144,0.0,0.7484202383645604,0.014050857372995941,24,40560,2
145,0.0,0.08315780426272901,0.014050857372995943,24,40560,2
146,0.0,0.2780427038104698,0.004110322022457281,24,40560,2
147,0.0,0.0463404506350783,0.004110322022457281,24,40560,2
148,0.0,0.0,0.0,24,40560,2
149,0.0,0.0,0.0,24,40560,2
150,0.0,0.0,0.0,24,40560,2
151,1.0,1.0,0.0,24,40560,2
152,0.0,0.7484202383645604,0.00928003178141221,24,40560,2
153,0.0,0.0748420238364561,0.009280031781412209,24,40560,2
154,0.0,0.6228028952225693,0.010749350433414444,24,40560,2
155,0.0,0.0889718421746527,0.010749350433414444,24,40560,2
156,0.0,0.6228028952225693,0.0024020397106695973,24,40560,2
157,0.0,0.03892518095141062,0.0024020397106695977,24,40560,2
158,0.0,0.0,0.0,24,40560,2
159,0.0,0.0,0.0,24,40560,2
160,0.0,0.0,0.0,24,40560,2
161,1.0,1.0,0.0,24,40560,2
162,0.0,0.6516842909095922,0.011529919533518035,24,40560,2
163,0.0,0.038334370053505484,0.011529919533518033,24,40560,2
164,0.0,0.0,0.0,24,40560,2
165,0.0,0.0,0.0,24,40560,2
166,0.0,0.0,0.0,24,40560,2
167,1.0,1.0,0.0,24,40560,2
168,0.0,0.0,0.0,24,40560,2
169,1.0,1.0,0.0,24,40560,2
170,0.0,0.6879743530910322,0.02164500266136011,24,40560,2
171,0.0,0.049141025220788004,0.021645002661360106,24,40560,2
172,0.0,0.0,0.0,24,40560,2
173,1.0,1.0,0.0,24,40560,2
174,0.7232411971753353,0.7232411971753353,0.5844031230293962,24,40560,2
175,0.7232411971753353,0.7232411971753353,0.5844031230293962,24,40560,2
176,0.0,0.0,0.0,24,40560,2
177,1.0,1.0,0.0,24,40560,2
178,0.0,0.6228028952225693,0.002330333749015617,24,40560,2
179,0.0,0.029657280724884272,0.0023303337490156177,24,40560,2
180,0.0,0.6228028952225693,0.007115569029112507,24,40560,2
181,0.0,0.15570072380564226,0.007115569029112507,24,40560,2
182,0.0,0.6516842909095922,0.011124133059525004,24,40560,2
183,0.0,0.036204682828310686,0.011124133059525004,24,40560,2
184,0.0,0.0,0.0,24,40560,2
185,0.0,0.0,0.0,24,40560,2
186,0.0,0.6228028952225693,0.005553881433806547,24,40560,2
187,0.0,0.06920032169139667,0.005553881433806546,24,40560,2
188,0.0,0.6879743530910322,0.1304215500006496,24,40560,2
189,0.0,0.22932478436367731,0.1304215500006496,24,40560,2
190,0.0,0.6879743530910322,0.010639603388557307,24,40560,2
191,0.0,0.026460552041962737,0.01063960338855731,24,40560,2
192,0.0,0.0,0.0,24,40560,2
193,1.0,1.0,0.0,24,40560,2
194,0.0,0.0,0.0,24,40560,2
195,1.0,1.0,0.0,24,40560,2
196,0.0,0.0,0.0,24,40560,2
197,1.0,1.0,0.0,24,40560,2
198,0.0,0.0,0.0,24,40560,2
199,1.0,1.0,0.0,24,40560,2
200,0.0,0.6228028952225693,0.0025653737662196005,24,40560,2
201,0.0,0.0366354644248571,0.0025653737662196005,24,40560,2
202,0.0,0.6228028952225693,0.0036714887281646814,24,40560,2
203,0.0,0.04790791501712077,0.0036714887281646814,24,40560,2
204,0.0,0.0,0.0,24,40560,2
205,1.0,1.0,0.0,24,40560,2
206,0.0,0.6879743530910322,0.009760630976223594,24,40560,2
207,0.0,0.02751897412364135,0.009760630976223594,24,40560,2
208,0.0,0.0,0.0,24,40560,2
209,1.0,1.0,0.0,24,40560,2
210,0.0,0.6228028952225693,0.0051322995326597036,24,40560,2
211,0.0,0.06228028952225695,0.005132299532659704,24,40560,2
212,0.0,0.6228028952225693,0.0029354620032838027,24,40560,2
213,0.0,0.04448592108732641,0.0029354620032838027,24,40560,2
214,0.0,0.0,0.0,24,40560,2
215,1.0,1.0,0.0,24,40560,2
216,0.0,0.6228028952225693,0.02851579144249252,24,40560,2
217,0.0,0.31140144761128463,0.02851579144249252,24,40560,2
218,0.0,0.6516842909095922,0.01212238566950976,24,40560,2
219,0.0,0.036204682828310686,0.012122385669509761,24,40560,2
220,0.0,0.6228028952225693,0.0043547388540070555,24,40560,2
221,0.0,0.05190024126854753,0.004354738854007055,24,40560,2
222,0.0,0.0,0.0,24,40560,2
223,0.0,0.0,0.0,24,40560,2
224,0.0,0.0,0.0,24,40560,2
225,1.0,1.0,0.0,24,40560,2
226,0.0,0.6516842909095922,0.00788337572516981,24,40560,2
227,0.0,0.03258421454547966,0.007883375725169808,24,40560,2
228,0.0,0.9266955190197627,0.07277763219491143,24,40560,2
229,0.0,0.4054292895711462,0.07277763219491143,24,40560,2
230,0.0,0.0,0.0,24,40560,2
231,0.0,0.0,0.0,24,40560,2
232,0.0,0.0,0.0,24,40560,2
233,1.0,1.0,0.0,24,40560,2
234,0.0,0.9566953288800686,0.15743040970217212,24,40560,2
235,0.0,0.3939333707153224,0.15743040970217206,24,40560,2
236,0.0,0.0,0.0,24,40560,2
237,0.0,0.0,0.0,24,40560,2
238,0.0,0.0,0.0,24,40560,2
239,1.0,1.0,0.0,24,40560,2
240,0.0,0.0,0.0,24,40560,2
241,1.0,1.0,0.0,24,40560,2
242,0.0,0.95151103428272,0.15483483612267637,24,40560,2
243,0.0,0.47575551714136,0.15483483612267634,24,40560,2
244,0.0,0.0,0.0,24,40560,2
245,1.0,1.0,0.0,24,40560,2
246,0.0,0.04943487034255778,0.008610277775722826,24,40560,2
247,0.0,0.34604409239790457,0.008610277775722826,24,40560,2
248,0.0,0.0,0.0,24,40560,2
249,1.0,1.0,0.0,24,40560,2
250,0.0,0.8874289874685997,0.07060380598987569,24,40560,2
251,0.0,0.2958096624895332,0.07060380598987569,24,40560,2
252,0.0,0.414908069175735,0.11464756602736778,24,40560,2
253,0.0,0.7260891210575362,0.11464756602736778,24,40560,2
254,0.0,0.9566953288800686,0.15165988583519127,24,40560,2
255,0.0,0.37204818345336,0.15165988583519124,24,40560,2
256,0.0,0.0,0.0,24,40560,2
257,0.0,0.0,0.0,24,40560,2
258,0.17003642772410854,0.8765558438105838,0.1684050730776207,24,40560,2
259,0.25505464158616264,0.6817656562971208,0.1684050730776207,24,40560,2
260,0.2874425809732607,0.3729884445313212,0.028416269427803335,24,40560,2
261,0.4311638714598911,0.8703063705730825,0.028416269427803335,24,40560,2
262,0.0,0.9564968254987751,0.0747848266788427,24,40560,2
263,0.0,0.25751837609582406,0.0747848266788427,24,40560,2
264,0.0,0.0,0.0,24,40560,2
265,1.0,1.0,0.0,24,40560,2
266,0.0,0.0,0.0,24,40560,2
267,1.0,1.0,0.0,24,40560,2
268,0.0,0.0,0.0,24,40560,2
269,1.0,1.0,0.0,24,40560,2
270,0.0,0.0,0.0,24,40560,2
271,1.0,1.0,0.0,24,40560,2
272,0.0,0.9266955190197627,0.07772953038911656,24,40560,2
273,0.0,0.38158050783166697,0.07772953038911656,24,40560,2
274,0.0,0.9266955190197627,0.11127489136051257,24,40560,2
275,0.0,0.49898989485679535,0.11127489136051257,24,40560,2
276,0.0,0.0,0.0,24,40560,2
277,1.0,1.0,0.0,24,40560,2
278,0.0,0.9564968254987751,0.06851998465358217,24,40560,2
279,0.0,0.26781911113965706,0.0685199846535822,24,40560,2
280,0.0,0.0,0.0,24,40560,2
281,1.0,1.0,0.0,24,40560,2
282,0.0,0.9058715752395964,0.15560550499012815,24,40560,2
283,0.0,0.6341101026677175,0.15560550499012823,24,40560,2
284,0.0,0.9266955190197627,0.08895121107800569,24,40560,2
285,0.0,0.4633477595098814,0.08895121107800569,24,40560,2
286,0.0,0.0,0.0,24,40560,2
287,1.0,1.0,0.0,24,40560,2
288,0.0,0.2830320887023332,0.03172325928456764,24,40560,2
289,0.0,0.9906123104581663,0.03172325928456764,24,40560,2
290,0.0,0.9566953288800686,0.1658871153755213,24,40560,2
291,0.0,0.37204818345336,0.1658871153755213,24,40560,2
292,0.30228968255249156,0.9266955190197627,0.13200518208101772,24,40560,2
293,0.2267172619143687,0.5405723860948617,0.13200518208101772,24,40560,2
294,0.0,0.0,0.0,24,40560,2
295,0.0,0.0,0.0,24,40560,2
296,0.0,0.0,0.0,24,40560,2
297,1.0,1.0,0.0,24,40560,2
298,0.0,0.9566953288800686,0.10619371154120463,24,40560,2
299,0.0,0.33484336510802404,0.10619371154120459,24,40560,2
300,0.25718455247816896,0.04822210358965673,0.1338537120328654,24,40560,2
301,0.3857768287172534,0.3857768287172534,0.13385371203286536,24,40560,2
302,0.0,0.0,0.0,24,40560,2
303,1.0,1.0,0.0,24,40560,2
304,0.0,0.6859243927381253,0.27703522131511527,24,40560,2
305,0.0,0.6455758990476475,0.2770352213151152,24,40560,2
306,0.0,0.04867318652529595,0.11423991187823146,24,40560,2
307,0.0,0.2595903281349118,0.11423991187823149,24,40560,2
308,0.0,0.0,0.0,24,40560,2
309,1.0,1.0,0.0,24,40560,2
310,0.0,0.0,0.0,24,40560,2
311,1.0,1.0,0.0,24,40560,2
312,0.28937601053845174,0.6560361541373131,0.2483175694711323,24,40560,2
313,0.28937601053845174,0.7497556047283578,0.24831756947113218,24,40560,2
314,0.0,0.0,0.0,24,40560,2
315,1.0,1.0,0.0,24,40560,2
316,0.0,0.021627755774868973,0.0022757051076823256,24,40560,2
317,0.0,0.34604409239790457,0.002275705107682325,24,40560,2
318,0.0,0.0,0.0,24,40560,2
319,1.0,1.0,0.0,24,40560,2
320,0.0,0.6837143323513135,0.2600596502605798,24,40560,2
321,0.0,0.5209252056010008,0.26005965026058,24,40560,2
322,0.0,0.1815222802643841,0.03683302374886142,24,40560,2
323,0.0,0.7260891210575362,0.036833023748861424,24,40560,2
324,0.0,0.6941020280829157,0.24980111770174931,24,40560,2
325,0.0,0.6169795805181473,0.24980111770174931,24,40560,2
326,0.0,0.10396565603452901,0.17927965358336612,24,40560,2
327,0.0,0.2772417494254107,0.17927965358336606,24,40560,2
328,0.0,0.5092636270953987,0.16981348779350056,24,40560,2
329,0.0,0.9053575592807088,0.16981348779350056,24,40560,2
330,0.0,0.15450038258473897,0.005778689150656836,24,40560,2
331,0.0,0.8240020404519415,0.005778689150656836,24,40560,2
332,0.0,0.7351884583727188,0.2391057416930889,24,40560,2
333,0.0,0.45242366669090395,0.23910574169308882,24,40560,2
334,0.0,0.0,0.0,24,40560,2
335,1.0,1.0,0.0,24,40560,2
336,0.0,0.0,0.0,24,40560,2
337,1.0,1.0,0.0,24,40560,2
338,0.0,0.0,0.0,24,40560,2
339,1.0,1.0,0.0,24,40560,2
340,0.0,0.0,0.0,24,40560,2
341,1.0,1.0,0.0,24,40560,2
342,0.0,0.953278098565118,0.7662518037031304,24,40560,2
343,0.0,0.8972029162965817,0.7662518037031301,24,40560,2
344,0.0,0.8074378393027499,0.5978549538921012,24,40560,2
345,0.0,0.9937696483726154,0.597854953892101,24,40560,2
346,0.0,0.0,0.0,24,40560,2
347,1.0,1.0,0.0,24,40560,2
348,0.0,0.7351884583727188,0.22344885887608945,24,40560,2
349,0.0,0.47052061335854023,0.22344885887608942,24,40560,2
350,0.0,0.0,0.0,24,40560,2
351,1.0,1.0,0.0,24,40560,2
352,0.09092414845722707,0.5829221689622743,0.242894009019655,24,40560,2
353,0.13638622268584055,0.9326754703396389,0.24289400901965508,24,40560,2
354,0.0,0.8496316110725142,0.6574203501508301,24,40560,2
355,0.0,0.9710075555114448,0.6574203501508297,24,40560,2
356,0.0,0.0,0.0,24,40560,2
357,1.0,1.0,0.0,24,40560,2
358,0.0,0.12382653880727079,0.005180559898458212,24,40560,2
359,0.0,0.9906123104581663,0.005180559898458213,24,40560,2
360,0.0,0.6866021170767389,0.23772851666195938,24,40560,2
361,0.0,0.6103129929571012,0.23772851666195935,24,40560,2
362,0.0,0.7319622900153141,0.4256039095312434,24,40560,2
363,0.0,0.9759497200204188,0.4256039095312434,24,40560,2
364,0.0,0.04518185623019322,0.14419423372999124,24,40560,2
365,0.0,0.7229096996830917,0.14419423372999124,24,40560,2
366,0.0,0.0,0.0,24,40560,2
367,1.0,1.0,0.0,24,40560,2
368,0.0,0.6866021170767389,0.1837190176593309,24,40560,2
369,0.0,0.549281693661391,0.1837190176593309,24,40560,2
370,0.0,0.0,0.0,24,40560,2
371,1.0,1.0,0.0,24,40560,2
372,0.0,0.0,0.0,24,40560,2
373,0.0,0.0,0.0,24,40560,2
374,0.0,0.9932379538838316,0.6470916205742588,24,40560,2
375,0.0,0.6621586359225544,0.6470916205742591,24,40560,2
376,0.0,0.0,0.0,24,40560,2
377,1.0,1.0,0.0,24,40560,2
378,0.0,0.0,0.0,24,40560,2
379,1.0,1.0,0.0,24,40560,2
380,0.0,0.0,0.0,24,40560,2
381,0.0,0.0,0.0,24,40560,2
382,0.0,0.0,0.0,24,40560,2
383,1.0,1.0,0.0,24,40560,2
384,0.0,0.0,0.0,24,40560,2
385,0.0,0.0,0.0,24,40560,2
386,0.0,0.0,0.0,24,40560,2
387,1.0,1.0,0.0,24,40560,2
388,0.0,0.0,0.0,24,40560,2
389,0.0,0.0,0.0,24,40560,2
390,0.0,0.0,0.0,24,40560,2
391,0.0,0.0,0.0,24,40560,2
392,0.0,0.0,0.0,24,40560,2
393,0.0,0.0,0.0,24,40560,2
394,0.0,0.9932379538838316,0.42887869730975886,24,40560,2
395,0.0,0.3310793179612772,0.428878697309759,24,40560,2
396,0.0,0.0,0.0,24,40560,2
397,0.0,0.0,0.0,24,40560,2
398,0.0,0.0,0.0,24,40560,2
399,0.0,0.0,0.0,24,40560,2
400,0.0,0.9932379538838316,0.2653844233861809,24,40560,2
401,0.0,0.07640291952952549,0.265384423386181,24,40560,2
402,0.0,0.0,0.0,24,40560,2
403,1.0,1.0,0.0,24,40560,2
404,0.0,0.0,0.0,24,40560,2
405,1.0,1.0,0.0,24,40560,2
406,0.0,0.0,0.0,24,40560,2
407,1.0,1.0,0.0,24,40560,2
408,0.0,0.0,0.0,24,40560,2
409,1.0,1.0,0.0,24,40560,2
410,0.0,0.16825851607502018,0.05641237444437854,24,40560,2
411,0.0,0.01979511953823776,0.05641237444437854,24,40560,2
412,0.0,0.0,0.0,24,40560,2
413,0.0,0.0,0.0,24,40560,2
414,0.0,0.0,0.0,24,40560,2
415,1.0,1.0,0.0,24,40560,2
416,0.0,0.9932379538838316,0.24259964379935467,24,40560,2
417,0.0,0.0794590363107065,0.24259964379935473,24,40560,2
418,0.0,0.0,0.0,24,40560,2
419,1.0,1.0,0.0,24,40560,2
420,0.0,0.0,0.0,24,40560,2
421,0.0,0.0,0.0,24,40560,2
422,0.0,0.0,0.0,24,40560,2
423,0.0,0.0,0.0,24,40560,2
424,0.0,0.0,0.0,24,40560,2
425,1.0,1.0,0.0,24,40560,2
426,0.0,0.0,0.0,24,40560,2
427,0.0,0.0,0.0,24,40560,2
428,0.0,0.0,0.0,24,40560,2
429,0.0,0.0,0.0,24,40560,2
430,0.0,0.0,0.0,24,40560,2
431,0.0,0.0,0.0,24,40560,2
432,0.0,0.0,0.0,24,40560,2
433,0.0,0.0,0.0,24,40560,2
434,0.0,0.0,0.0,24,40560,2
435,1.0,1.0,0.0,24,40560,2
436,0.0,0.0,0.0,24,40560,2
437,0.0,0.0,0.0,24,40560,2
438,1.0,1.0,0.0,24,40560,2
439,0.0,0.0,0.0,24,40560,2
440,1.0,1.0,0.0,24,40560,2
441,0.0,0.0,0.0,24,40560,2
442,1.0,1.0,0.0,24,40560,2
443,1.0,1.0,0.0,24,40560,2
444,1.0,1.0,0.0,24,40560,2
445,1.0,1.0,0.0,24,40560,2
446,1.0,1.0,0.0,24,40560,2
447,0.0,0.0,0.0,24,40560,2
448,1.0,1.0,0.0,24,40560,2
449,1.0,1.0,0.0,24,40560,2
450,1.0,1.0,0.0,24,40560,2
451,0.0,0.0,0.0,24,40560,2
452,1.0,1.0,0.0,24,40560,2
453,1.0,1.0,0.0,24,40560,2
454,1.0,1.0,0.0,24,40560,2
455,0.0,0.0,0.0,24,40560,2
456,1.0,1.0,0.0,24,40560,2
457,0.0,0.0,0.0,24,40560,2
458,1.0,1.0,0.0,24,40560,2
459,0.0,0.0,0.0,24,40560,2
460,1.0,1.0,0.0,24,40560,2
461,0.0,0.0,0.0,24,40560,2
462,1.0,1.0,0.0,24,40560,2
463,0.0,0.0,0.0,24,40560,2
464,1.0,1.0,0.0,24,40560,2
465,0.0,0.0,0.0,24,40560,2
466,1.0,1.0,0.0,24,40560,2
467,0.0,0.0,0.0,24,40560,2
468,1.0,1.0,0.0,24,40560,2
469,1.0,1.0,0.0,24,40560,2
470,1.0,1.0,0.0,24,40560,2
471,1.0,1.0,0.0,24,40560,2
472,1.0,1.0,0.0,24,40560,2
473,1.0,1.0,0.0,24,40560,2
474,1.0,1.0,0.0,24,40560,2
475,1.0,1.0,0.0,24,40560,2
476,1.0,1.0,0.0,24,40560,2
477,0.0,0.0,0.0,24,40560,2
478,1.0,1.0,0.0,24,40560,2
479,0.0,0.0,0.0,24,40560,2
480,1.0,1.0,0.0,24,40560,2
481,1.0,1.0,0.0,24,40560,2
482,1.0,1.0,0.0,24,40560,2
483,0.0,0.0,0.0,24,40560,2
484,1.0,1.0,0.0,24,40560,2
485,1.0,1.0,0.0,24,40560,2
486,1.0,1.0,0.0,24,40560,2
487,0.0,0.0,0.0,24,40560,2
488,1.0,1.0,0.0,24,40560,2
489,0.0,0.0,0.0,24,40560,2
490,1.0,1.0,0.0,24,40560,2
491,1.0,1.0,0.0,24,40560,2
492,1.0,1.0,0.0,24,40560,2
493,0.0,0.0,0.0,24,40560,2
494,1.0,1.0,0.0,24,40560,2
495,0.0,0.0,0.0,24,40560,2
496,1.0,1.0,0.0,24,40560,2
497,0.0,0.0,0.0,24,40560,2
498,1.0,1.0,0.0,24,40560,2
499,0.0,0.0,0.0,24,40560,2
500,1.0,1.0,0.0,24,40560,2
501,1.0,1.0,0.0,24,40560,2
502,1.0,1.0,0.0,24,40560,2
503,0.0,0.0,0.0,24,40560,2
504,0.0,0.0,0.0,24,40560,2
505,0.0,0.0,0.0,24,40560,2
506,0.0,0.0,0.0,24,40560,2
507,1.0,1.0,0.0,24,40560,2
508,0.0,0.0,0.0,24,40560,2
509,1.0,1.0,0.0,24,40560,2
510,0.0,0.722058359706873,0.496922076569705,24,40560,2
511,0.0,0.8767851510726317,0.496922076569705,24,40560,2
512,0.0,0.0,0.0,24,40560,2
513,1.0,1.0,0.0,24,40560,2
514,0.0,0.022054440475583914,0.01069463631347974,24,40560,2
515,0.0,0.37492548808492754,0.010694636313479743,24,40560,2
516,0.0,0.0,0.0,24,40560,2
517,1.0,1.0,0.0,24,40560,2
518,0.0,0.8226469481227879,0.3006834846819712,24,40560,2
519,0.0,0.6659522913374951,0.3006834846819713,24,40560,2
520,0.0,0.16489558589804987,0.0489619579451085,24,40560,2
521,0.0,0.7008062400667114,0.04896195794510851,24,40560,2
522,0.0,0.9703400837416551,0.7028481451272207,24,40560,2
523,0.0,0.9164323013115632,0.702848145127221,24,40560,2
524,0.0,0.03803060414726245,0.08544398097597651,24,40560,2
525,0.0,0.10775337841724386,0.08544398097597654,24,40560,2
526,0.0,0.42310686546032794,0.1498453442675699,24,40560,2
527,0.0,0.7992018569806195,0.14984534426757004,24,40560,2
528,0.0,0.16749167809300558,0.037889852849426635,24,40560,2
529,0.0,0.9491195091936983,0.037889852849426635,24,40560,2
530,0.0,0.9527430166459284,0.31509708903262806,24,40560,2
531,0.0,0.6229473570377225,0.31509708903262795,24,40560,2
532,0.0,0.0,0.0,24,40560,2
533,1.0,1.0,0.0,24,40560,2
534,0.0,0.0,0.0,24,40560,2
535,1.0,1.0,0.0,24,40560,2
536,0.0,0.0,0.0,24,40560,2
537,1.0,1.0,0.0,24,40560,2
538,0.0,0.0,0.0,24,40560,2
539,1.0,1.0,0.0,24,40560,2
540,0.0,0.6455758990476475,0.2922142827179311,24,40560,2
541,0.0,0.6455758990476475,0.29221428271793115,24,40560,2
542,0.0,0.6408115125090591,0.3858922595704162,24,40560,2
543,0.0,0.8379842855887696,0.38589225957041623,24,40560,2
544,0.0,0.0,0.0,24,40560,2
545,1.0,1.0,0.0,24,40560,2
546,0.0,0.9499268952626317,0.2984588014597099,24,40560,2
547,0.0,0.6459502887785897,0.2984588014597097,24,40560,2
548,0.0,0.0,0.0,24,40560,2
549,1.0,1.0,0.0,24,40560,2
550,0.0,0.4812960926861033,0.18782652220155946,24,40560,2
551,0.0,0.8182033575663754,0.1878265222015596,24,40560,2
552,0.0,0.6455758990476475,0.325256414280389,24,40560,2
553,0.0,0.7839135917007147,0.32525641428038904,24,40560,2
554,0.0,0.0,0.0,24,40560,2
555,1.0,1.0,0.0,24,40560,2
556,0.0,0.11280257971296292,0.013378034946388895,24,40560,2
557,0.0,0.9588219275601841,0.013378034946388895,24,40560,2
558,0.0,0.9600379370093806,0.6797058550033472,24,40560,2
559,0.0,0.906702496064415,0.6797058550033471,24,40560,2
560,0.31252234078887187,0.6252012739840107,0.45455496675254675,24,40560,2
561,0.23439175559165393,0.885701804810682,0.454554966752547,24,40560,2
562,0.3203563137757858,0.05653346713690344,0.29144885574532425,24,40560,2
563,0.9610689413273574,0.9610689413273574,0.29144885574532436,24,40560,2
564,0.0,0.0,0.0,24,40560,2
565,1.0,1.0,0.0,24,40560,2
566,0.0,0.9600379370093806,0.4562937564303785,24,40560,2
567,0.0,0.8160322464579735,0.4562937564303784,24,40560,2
568,0.0,0.0,0.0,24,40560,2
569,1.0,1.0,0.0,24,40560,2
570,0.0,0.0,0.0,24,40560,2
571,1.0,1.0,0.0,24,40560,2
572,0.0,0.0,0.0,24,40560,2
573,0.0,0.0,0.0,24,40560,2
574,0.0,0.0,0.0,24,40560,2
575,1.0,1.0,0.0,24,40560,2
576,0.0,0.0,0.0,24,40560,2
577,0.0,0.0,0.0,24,40560,2
578,0.0,0.0,0.0,24,40560,2
579,1.0,1.0,0.0,24,40560,2
580,0.0,0.0,0.0,24,40560,2
581,0.0,0.0,0.0,24,40560,2
582,0.0,0.0,0.0,24,40560,2
583,0.0,0.0,0.0,24,40560,2
584,0.0,0.0,0.0,24,40560,2
585,0.0,0.0,0.0,24,40560,2
586,0.0,0.877355620648783,0.5304135962420707,24,40560,2
587,0.0,0.43867781032439146,0.5304135962420706,24,40560,2
588,0.0,0.0,0.0,24,40560,2
589,0.0,0.0,0.0,24,40560,2
590,0.0,0.0,0.0,24,40560,2
591,0.0,0.0,0.0,24,40560,2
592,0.0,0.877355620648783,0.3380204320238163,24,40560,2
593,0.0,0.1012333408440903,0.33802043202381643,24,40560,2
594,0.0,0.0,0.0,24,40560,2
595,1.0,1.0,0.0,24,40560,2
596,0.0,0.0,0.0,24,40560,2
597,1.0,1.0,0.0,24,40560,2
598,0.0,0.0,0.0,24,40560,2
599,1.0,1.0,0.0,24,40560,2
600,0.0,0.0,0.0,24,40560,2
601,1.0,1.0,0.0,24,40560,2
602,0.0,0.11457811970675624,0.04828916378528482,24,40560,2
603,0.0,0.02021966818354526,0.04828916378528482,24,40560,2
604,0.0,0.0,0.0,24,40560,2
605,0.0,0.0,0.0,24,40560,2
606,0.0,0.0,0.0,24,40560,2
607,1.0,1.0,0.0,24,40560,2
608,0.0,0.877355620648783,0.3102915981031516,24,40560,2
609,0.0,0.105282674477854,0.31029159810315166,24,40560,2
610,0.0,0.0,0.0,24,40560,2
611,1.0,1.0,0.0,24,40560,2
612,0.0,0.0,0.0,24,40560,2
613,0.0,0.0,0.0,24,40560,2
614,0.0,0.0,0.0,24,40560,2
615,0.0,0.0,0.0,24,40560,2
616,0.0,0.0,0.0,24,40560,2
617,1.0,1.0,0.0,24,40560,2
618,0.0,0.0,0.0,24,40560,2
619,0.0,0.0,0.0,24,40560,2
620,0.0,0.0,0.0,24,40560,2
621,0.0,0.0,0.0,24,40560,2
622,0.0,0.0,0.0,24,40560,2
623,0.0,0.0,0.0,24,40560,2
624,0.0,0.0,0.0,24,40560,2
625,0.0,0.0,0.0,24,40560,2
626,0.0,0.0,0.0,24,40560,2
627,1.0,1.0,0.0,24,40560,2
628,0.0,0.0,0.0,24,40560,2
629,0.0,0.0,0.0,24,40560,2
630,1.0,1.0,0.0,24,40560,2
631,1.0,1.0,0.0,24,40560,2
632,1.0,1.0,0.0,24,40560,2
633,0.0,0.0,0.0,24,40560,2
634,1.0,1.0,0.0,24,40560,2
635,1.0,1.0,0.0,24,40560,2
636,1.0,1.0,0.0,24,40560,2
637,0.0,0.0,0.0,24,40560,2
638,1.0,1.0,0.0,24,40560,2
639,1.0,1.0,0.0,24,40560,2
640,1.0,1.0,0.0,24,40560,2
641,0.0,0.0,0.0,24,40560,2
642,1.0,1.0,0.0,24,40560,2
643,0.0,0.0,0.0,24,40560,2
644,1.0,1.0,0.0,24,40560,2
645,0.0,0.0,0.0,24,40560,2
646,1.0,1.0,0.0,24,40560,2
647,0.0,0.0,0.0,24,40560,2
648,1.0,1.0,0.0,24,40560,2
649,0.0,0.0,0.0,24,40560,2
650,1.0,1.0,0.0,24,40560,2
651,0.0,0.0,0.0,24,40560,2
652,1.0,1.0,0.0,24,40560,2
653,0.0,0.0,0.0,24,40560,2
654,1.0,1.0,0.0,24,40560,2
655,1.0,1.0,0.0,24,40560,2
656,1.0,1.0,0.0,24,40560,2
657,1.0,1.0,0.0,24,40560,2
658,1.0,1.0,0.0,24,40560,2
659,1.0,1.0,0.0,24,40560,2
660,1.0,1.0,0.0,24,40560,2
661,1.0,1.0,0.0,24,40560,2
662,1.0,1.0,0.0,24,40560,2
663,0.0,0.0,0.0,24,40560,2
664,1.0,1.0,0.0,24,40560,2
665,0.0,0.0,0.0,24,40560,2
666,1.0,1.0,0.0,24,40560,2
667,1.0,1.0,0.0,24,40560,2
668,1.0,1.0,0.0,24,40560,2
669,0.0,0.0,0.0,24,40560,2
670,1.0,1.0,0.0,24,40560,2
671,1.0,1.0,0.0,24,40560,2
672,1.0,1.0,0.0,24,40560,2
673,0.0,0.0,0.0,24,40560,2
674,1.0,1.0,0.0,24,40560,2
675,0.0,0.0,0.0,24,40560,2
676,1.0,1.0,0.0,24,40560,2
677,1.0,1.0,0.0,24,40560,2
678,1.0,1.0,0.0,24,40560,2
679,0.0,0.0,0.0,24,40560,2
680,1.0,1.0,0.0,24,40560,2
681,0.0,0.0,0.0,24,40560,2
682,1.0,1.0,0.0,24,40560,2
683,0.0,0.0,0.0,24,40560,2
684,1.0,1.0,0.0,24,40560,2
685,0.0,0.0,0.0,24,40560,2
686,1.0,1.0,0.0,24,40560,2
687,1.0,1.0,0.0,24,40560,2
688,1.0,1.0,0.0,24,40560,2
689,0.0,0.0,0.0,24,40560,2
690,1.0,1.0,0.0,24,40560,2
691,0.0,0.0,0.0,24,40560,2
692,1.0,1.0,0.0,24,40560,2
693,1.0,1.0,0.0,24,40560,2
694,1.0,1.0,0.0,24,40560,2
695,0.0,0.0,0.0,24,40560,2
696,1.0,1.0,0.0,24,40560,2
697,1.0,1.0,0.0,24,40560,2
698,1.0,1.0,0.0,24,40560,2
699,0.0,0.0,0.0,24,40560,2
700,1.0,1.0,0.0,24,40560,2
701,0.0,0.0,0.0,24,40560,2
702,1.0,1.0,0.0,24,40560,2
703,0.0,0.0,0.0,24,40560,2
704,1.0,1.0,0.0,24,40560,2
705,0.0,0.0,0.0,24,40560,2
706,1.0,1.0,0.0,24,40560,2
707,0.0,0.0,0.0,24,40560,2
708,1.0,1.0,0.0,24,40560,2
709,0.0,0.0,0.0,24,40560,2
710,1.0,1.0,0.0,24,40560,2
711,0.0,0.0,0.0,24,40560,2
712,1.0,1.0,0.0,24,40560,2
713,1.0,1.0,0.0,24,40560,2
714,1.0,1.0,0.0,24,40560,2
715,1.0,1.0,0.0,24,40560,2
716,1.0,1.0,0.0,24,40560,2
717,1.0,1.0,0.0,24,40560,2
718,1.0,1.0,0.0,24,40560,2
719,1.0,1.0,0.0,24,40560,2
720,1.0,1.0,0.0,24,40560,2
721,0.0,0.0,0.0,24,40560,2
722,1.0,1.0,0.0,24,40560,2
723,0.0,0.0,0.0,24,40560,2
724,1.0,1.0,0.0,24,40560,2
725,1.0,1.0,0.0,24,40560,2
726,1.0,1.0,0.0,24,40560,2
727,0.0,0.0,0.0,24,40560,2
728,1.0,1.0,0.0,24,40560,2
729,1.0,1.0,0.0,24,40560,2
730,1.0,1.0,0.0,24,40560,2
731,0.0,0.0,0.0,24,40560,2
732,1.0,1.0,0.0,24,40560,2
733,0.0,0.0,0.0,24,40560,2
734,1.0,1.0,0.0,24,40560,2
735,1.0,1.0,0.0,24,40560,2
736,1.0,1.0,0.0,24,40560,2
737,0.0,0.0,0.0,24,40560,2
738,1.0,1.0,0.0,24,40560,2
739,0.0,0.0,0.0,24,40560,2
740,1.0,1.0,0.0,24,40560,2
741,0.0,0.0,0.0,24,40560,2
742,1.0,1.0,0.0,24,40560,2
743,0.0,0.0,0.0,24,40560,2
744,1.0,1.0,0.0,24,40560,2
745,1.0,1.0,0.0,24,40560,2
746,1.0,1.0,0.0,24,40560,2
747,0.0,0.0,0.0,24,40560,2
748,0.0,0.0,0.0,24,40560,2
749,1.0,1.0,0.0,24,40560,2
750,0.0,0.029372539304740597,0.020085367843056385,24,40560,2
751,0.0,0.41121555026636747,0.02008536784305639,24,40560,2
752,0.0,0.0,0.0,24,40560,2
753,1.0,1.0,0.0,24,40560,2
754,0.0,0.743201442701106,0.2234889043010111,24,40560,2
755,0.0,0.495467628467404,0.22348890430101115,24,40560,2
756,0.0,0.19763820700610046,0.04832063650508647,24,40560,2
757,0.0,0.6917337245213515,0.04832063650508648,24,40560,2
758,0.27527674065276286,0.9014620309134808,0.4824433565219212,24,40560,2
759,0.41291511097914424,0.7011371351549294,0.48244335652192105,24,40560,2
760,0.0,0.05288146622281931,0.04568482630163637,24,40560,2
761,0.0,0.1233900878532449,0.04568482630163637,24,40560,2
762,0.0,0.4718350119355017,0.1478983287846781,24,40560,2
763,0.0,0.7339655741218916,0.14789832878467815,24,40560,2
764,0.0,0.20597489926875245,0.048430851979516555,24,40560,2
765,0.0,0.9612161965875116,0.048430851979516555,24,40560,2
766,0.0,0.9063595347908394,0.25781311297732423,24,40560,2
767,0.0,0.48803974950275975,0.2578131129773243,24,40560,2
768,0.0,0.0,0.0,24,40560,2
769,1.0,1.0,0.0,24,40560,2
770,0.0,0.0,0.0,24,40560,2
771,1.0,1.0,0.0,24,40560,2
772,0.0,0.0,0.0,24,40560,2
773,1.0,1.0,0.0,24,40560,2
774,0.0,0.0,0.0,24,40560,2
775,1.0,1.0,0.0,24,40560,2
776,0.0,0.7497556047283578,0.2614994857094951,24,40560,2
777,0.0,0.6174457921292358,0.2614994857094952,24,40560,2
778,0.19131955679890045,0.743970278217215,0.34191764239546946,24,40560,2
779,0.5739586703967013,0.8011987611570007,0.3419176423954693,24,40560,2
780,0.0,0.0,0.0,24,40560,2
781,1.0,1.0,0.0,24,40560,2
782,0.2734039698124314,0.9171140444126565,0.2602581136419479,24,40560,2
783,0.2734039698124314,0.5135838648710876,0.2602581136419479,24,40560,2
784,0.0,0.0,0.0,24,40560,2
785,1.0,1.0,0.0,24,40560,2
786,0.1348814712521086,0.5424933592810859,0.18539198793923845,24,40560,2
787,0.20232220687816294,0.7594907029935202,0.18539198793923853,24,40560,2
788,0.0,0.7497556047283578,0.2900472503312645,24,40560,2
789,0.0,0.7497556047283578,0.2900472503312645,24,40560,2
790,0.0,0.0,0.0,24,40560,2
791,1.0,1.0,0.0,24,40560,2
792,0.0,0.13438241378135207,0.013143769698387571,24,40560,2
793,0.0,0.9406768964694642,0.013143769698387571,24,40560,2
794,0.0,0.9100333577776828,0.517740109710654,24,40560,2
795,0.0,0.7078037227159755,0.5177401097106538,24,40560,2
796,0.0,0.6823587046349524,0.26812485071898007,24,40560,2
797,0.0,0.7960851554074445,0.2681248507189802,24,40560,2
798,0.0,0.024852124210735016,0.08438140216291162,24,40560,2
799,0.0,0.34792973895029045,0.08438140216291162,24,40560,2
800,0.0,0.0,0.0,24,40560,2
801,1.0,1.0,0.0,24,40560,2
802,0.0,0.9100333577776828,0.35994273579407243,24,40560,2
803,0.0,0.637023350444378,0.35994273579407243,24,40560,2
804,1.0,1.0,0.0,24,40560,2
805,0.0,0.0,0.0,24,40560,2
806,1.0,1.0,0.0,24,40560,2
807,1.0,1.0,0.0,24,40560,2
808,1.0,1.0,0.0,24,40560,2
809,0.0,0.0,0.0,24,40560,2
810,1.0,1.0,0.0,24,40560,2
811,0.0,0.0,0.0,24,40560,2
812,1.0,1.0,0.0,24,40560,2
813,0.0,0.0,0.0,24,40560,2
814,1.0,1.0,0.0,24,40560,2
815,0.0,0.0,0.0,24,40560,2
816,1.0,1.0,0.0,24,40560,2
817,0.0,0.0,0.0,24,40560,2
818,1.0,1.0,0.0,24,40560,2
819,0.0,0.0,0.0,24,40560,2
820,1.0,1.0,0.0,24,40560,2
821,0.0,0.0,0.0,24,40560,2
822,1.0,1.0,0.0,24,40560,2
823,1.0,1.0,0.0,24,40560,2
824,1.0,1.0,0.0,24,40560,2
825,1.0,1.0,0.0,24,40560,2
826,1.0,1.0,0.0,24,40560,2
827,1.0,1.0,0.0,24,40560,2
828,1.0,1.0,0.0,24,40560,2
829,1.0,1.0,0.0,24,40560,2
830,1.0,1.0,0.0,24,40560,2
831,0.0,0.0,0.0,24,40560,2
832,1.0,1.0,0.0,24,40560,2
833,0.0,0.0,0.0,24,40560,2
834,1.0,1.0,0.0,24,40560,2
835,1.0,1.0,0.0,24,40560,2
836,1.0,1.0,0.0,24,40560,2
837,0.0,0.0,0.0,24,40560,2
838,1.0,1.0,0.0,24,40560,2
839,1.0,1.0,0.0,24,40560,2
840,1.0,1.0,0.0,24,40560,2
841,0.0,0.0,0.0,24,40560,2
842,1.0,1.0,0.0,24,40560,2
843,0.0,0.0,0.0,24,40560,2
844,1.0,1.0,0.0,24,40560,2
845,1.0,1.0,0.0,24,40560,2
846,1.0,1.0,0.0,24,40560,2
847,0.0,0.0,0.0,24,40560,2
848,1.0,1.0,0.0,24,40560,2
849,0.0,0.0,0.0,24,40560,2
850,1.0,1.0,0.0,24,40560,2
851,0.0,0.0,0.0,24,40560,2
852,1.0,1.0,0.0,24,40560,2
853,0.0,0.0,0.0,24,40560,2
854,1.0,1.0,0.0,24,40560,2
855,1.0,1.0,0.0,24,40560,2
856,1.0,1.0,0.0,24,40560,2
857,0.0,0.0,0.0,24,40560,2
858,0.0,0.0,0.0,24,40560,2
859,1.0,1.0,0.0,24,40560,2
860,0.0,0.34604409239790457,0.0022112422917346707,24,40560,2
861,0.0,0.01647829011418589,0.0022112422917346716,24,40560,2
862,0.0,0.34604409239790457,0.006110665642269708,24,40560,2
863,0.0,0.08651102309947611,0.006110665642269708,24,40560,2
864,0.0,0.37492548808492754,0.010344622033694708,24,40560,2
865,0.0,0.020829193782495925,0.010344622033694708,24,40560,2
866,0.0,0.0,0.0,24,40560,2
867,0.0,0.0,0.0,24,40560,2
868,0.0,0.34604409239790457,0.004922091838415254,24,40560,2
869,0.0,0.03844934359976704,0.004922091838415253,24,40560,2
870,0.0,0.41121555026636747,0.08885025688810286,24,40560,2
871,0.0,0.1370718500887892,0.08885025688810286,24,40560,2
872,0.0,0.41121555026636747,0.010248430898141602,24,40560,2
873,0.0,0.01581598270255269,0.010248430898141604,24,40560,2
874,0.0,0.0,0.0,24,40560,2
875,1.0,1.0,0.0,24,40560,2
876,0.0,0.0,0.0,24,40560,2
877,1.0,1.0,0.0,24,40560,2
878,0.0,0.0,0.0,24,40560,2
879,1.0,1.0,0.0,24,40560,2
880,0.0,0.0,0.0,24,40560,2
881,1.0,1.0,0.0,24,40560,2
882,0.0,0.34604409239790457,0.002421787520939933,24,40560,2
883,0.0,0.02035553484693553,0.002421787520939933,24,40560,2
884,0.0,0.34604409239790457,0.0033843183984028336,24,40560,2
885,0.0,0.026618776338300454,0.003384318398402833,24,40560,2
886,0.0,0.0,0.0,24,40560,2
887,1.0,1.0,0.0,24,40560,2
888,0.0,0.41121555026636747,0.009430417860504857,24,40560,2
889,0.0,0.01644862201065478,0.009430417860504858,24,40560,2
890,0.0,0.0,0.0,24,40560,2
891,1.0,1.0,0.0,24,40560,2
892,0.0,0.34604409239790457,0.004588085596211999,24,40560,2
893,0.0,0.03460440923979036,0.004588085596211999,24,40560,2
894,0.0,0.34604409239790457,0.0027489650126245,24,40560,2
895,0.0,0.024717435171279,0.0027489650126245,24,40560,2
896,0.0,0.0,0.0,24,40560,2
897,1.0,1.0,0.0,24,40560,2
898,0.0,0.34604409239790457,0.017188130758983042,24,40560,2
899,0.0,0.17302204619895223,0.017188130758983042,24,40560,2
900,0.0,0.37492548808492754,0.011202479141083462,24,40560,2
901,0.0,0.020829193782495925,0.011202479141083462,24,40560,2
902,0.0,0.34604409239790457,0.003956536814503925,24,40560,2
903,0.0,0.028837007699825445,0.003956536814503925,24,40560,2
904,0.0,0.0,0.0,24,40560,2
905,0.0,0.0,0.0,24,40560,2
906,0.0,0.0,0.0,24,40560,2
907,1.0,1.0,0.0,24,40560,2
908,0.0,0.37492548808492754,0.00748373294863719,24,40560,2
909,0.0,0.018746274404246366,0.00748373294863719,24,40560,2
910,1.0,1.0,0.0,24,40560,2
911,0.0,0.0,0.0,24,40560,2
912,1.0,1.0,0.0,24,40560,2
913,0.0,0.0,0.0,24,40560,2
914,1.0,1.0,0.0,24,40560,2
915,0.0,0.0,0.0,24,40560,2
916,1.0,1.0,0.0,24,40560,2
917,0.0,0.0,0.0,24,40560,2
918,1.0,1.0,0.0,24,40560,2
919,0.0,0.0,0.0,24,40560,2
920,1.0,1.0,0.0,24,40560,2
921,0.0,0.0,0.0,24,40560,2
922,1.0,1.0,0.0,24,40560,2
923,0.0,0.0,0.0,24,40560,2
924,1.0,1.0,0.0,24,40560,2
925,1.0,1.0,0.0,24,40560,2
926,1.0,1.0,0.0,24,40560,2
927,1.0,1.0,0.0,24,40560,2
928,1.0,1.0,0.0,24,40560,2
929,1.0,1.0,0.0,24,40560,2
930,1.0,1.0,0.0,24,40560,2
931,1.0,1.0,0.0,24,40560,2
932,1.0,1.0,0.0,24,40560,2
933,0.0,0.0,0.0,24,40560,2
934,1.0,1.0,0.0,24,40560,2
935,0.0,0.0,0.0,24,40560,2
936,1.0,1.0,0.0,24,40560,2
937,1.0,1.0,0.0,24,40560,2
938,1.0,1.0,0.0,24,40560,2
939,0.0,0.0,0.0,24,40560,2
940,1.0,1.0,0.0,24,40560,2
941,1.0,1.0,0.0,24,40560,2
942,1.0,1.0,0.0,24,40560,2
943,0.0,0.0,0.0,24,40560,2
944,1.0,1.0,0.0,24,40560,2
945,0.0,0.0,0.0,24,40560,2
946,1.0,1.0,0.0,24,40560,2
947,1.0,1.0,0.0,24,40560,2
948,1.0,1.0,0.0,24,40560,2
949,0.0,0.0,0.0,24,40560,2
950,1.0,1.0,0.0,24,40560,2
951,0.0,0.0,0.0,24,40560,2
952,1.0,1.0,0.0,24,40560,2
953,0.0,0.0,0.0,24,40560,2
954,1.0,1.0,0.0,24,40560,2
955,0.0,0.0,0.0,24,40560,2
956,1.0,1.0,0.0,24,40560,2
957,1.0,1.0,0.0,24,40560,2
958,1.0,1.0,0.0,24,40560,2
959,0.0,0.0,0.0,24,40560,2
960,0.0,0.13830268972524506,0.035868350762681626,24,40560,2
961,0.0,0.7260891210575362,0.035868350762681626,24,40560,2
962,0.0,0.7311453925405955,0.4066772763210209,24,40560,2
963,0.0,0.853002957964028,0.40667727632102063,24,40560,2
964,0.0,0.042285944553610566,0.05565261463550076,24,40560,2
965,0.0,0.14800080593763687,0.055652614635500725,24,40560,2
966,0.0,0.41977547848833197,0.3223112491477783,24,40560,2
967,0.0,0.9794761164727744,0.3223112491477783,24,40560,2
968,0.0,0.10462573335703274,0.005601854429709218,24,40560,2
969,0.0,0.7323801334992279,0.005601854429709218,24,40560,2
970,0.0,0.785277931575537,0.2790330503425712,24,40560,2
971,0.0,0.6342629447340877,0.2790330503425711,24,40560,2
972,0.0,0.0,0.0,24,40560,2
973,1.0,1.0,0.0,24,40560,2
974,0.0,0.0,0.0,24,40560,2
975,1.0,1.0,0.0,24,40560,2
976,0.0,0.0,0.0,24,40560,2
977,1.0,1.0,0.0,24,40560,2
978,0.0,0.0,0.0,24,40560,2
979,1.0,1.0,0.0,24,40560,2
980,0.0,0.5209252056010008,0.27165557659014306,24,40560,2
981,0.0,0.6434958422130009,0.2716555765901429,24,40560,2
982,0.0,0.5170683212602388,0.33853596601346253,24,40560,2
983,0.0,0.8352642112665397,0.3385359660134624,24,40560,2
984,0.0,0.0,0.0,24,40560,2
985,1.0,1.0,0.0,24,40560,2
986,0.0,0.7539568116628484,0.26708094861171267,24,40560,2
987,0.0,0.6333237217967926,0.2670809486117125,24,40560,2
988,0.0,0.0,0.0,24,40560,2
989,1.0,1.0,0.0,24,40560,2
990,0.3978128325332797,0.4515390292030558,0.4108040743539537,24,40560,2
991,0.3978128325332797,0.9482319613264171,0.4108040743539538,24,40560,2
992,0.0,0.5209252056010008,0.29613827430165357,24,40560,2
993,0.0,0.7813878084015012,0.29613827430165346,24,40560,2
994,0.0,0.0,0.0,24,40560,2
995,1.0,1.0,0.0,24,40560,2
996,0.0,0.09434402956744437,0.005014313757193561,24,40560,2
997,0.0,0.9906123104581663,0.005014313757193562,24,40560,2
998,0.3537616320209894,0.7455475273216606,0.4292627876697909,24,40560,2
999,0.3537616320209894,0.8698054485419374,0.4292627876697908,24,40560,2
1000,0.2824309860806973,0.4961452116696152,0.36141742790828174,24,40560,2
1001,0.14121549304034864,0.8682541204218266,0.3614174279082817,24,40560,2
1002,0.0,0.023599716545554372,0.09060224441802157,24,40560,2
1003,0.0,0.4955940474566416,0.09060224441802155,24,40560,2
1004,0.0,0.0,0.0,24,40560,2
1005,1.0,1.0,0.0,24,40560,2
1006,0.0,0.7779873120928434,0.4185325375772621,24,40560,2
1007,0.0,0.8168866776974856,0.418532537577262,24,40560,2
1008,0.0,0.7008062400667114,0.047530126379146276,24,40560,2
1009,0.0,0.1557347200148248,0.04753012637914626,24,40560,2
1010,0.0,0.0,0.0,24,40560,2
1011,0.0,0.0,0.0,24,40560,2
1012,0.0,0.7260891210575362,0.07308432590188393,24,40560,2
1013,0.0,0.32270627602557167,0.07308432590188393,24,40560,2
1014,0.0,0.43714784219986647,0.015353094638899356,24,40560,2
1015,0.0,0.5828637895998219,0.015353094638899356,24,40560,2
1016,0.0,0.7006436728857183,0.0261482334737453,24,40560,2
1017,0.0,0.10779133429011045,0.026148233473745307,24,40560,2
1018,0.0,0.0,0.0,24,40560,2
1019,1.0,1.0,0.0,24,40560,2
1020,0.0,0.0,0.0,24,40560,2
1021,1.0,1.0,0.0,24,40560,2
1022,0.0,0.0,0.0,24,40560,2
1023,1.0,1.0,0.0,24,40560,2
1024,0.0,0.0,0.0,24,40560,2
1025,1.0,1.0,0.0,24,40560,2
1026,0.0,0.7260891210575362,0.039003532853419814,24,40560,2
1027,0.0,0.17084449907236154,0.03900353285341981,24,40560,2
1028,0.0,0.7260891210575362,0.05278503502455678,24,40560,2
1029,0.0,0.22341203724847258,0.05278503502455678,24,40560,2
1030,0.0,0.0,0.0,24,40560,2
1031,1.0,1.0,0.0,24,40560,2
1032,0.0,0.7006436728857183,0.02418289398244565,24,40560,2
1033,0.0,0.11210298766171489,0.024182893982445653,24,40560,2
1034,0.0,0.0,0.0,24,40560,2
1035,1.0,1.0,0.0,24,40560,2
1036,0.0,0.7260891210575362,0.0688427228493219,24,40560,2
1037,0.0,0.2904356484230145,0.0688427228493219,24,40560,2
1038,0.0,0.7260891210575362,0.04378772824822506,24,40560,2
1039,0.0,0.2074540345878676,0.04378772824822505,24,40560,2
1040,0.0,0.0,0.0,24,40560,2
1041,1.0,1.0,0.0,24,40560,2
1042,0.0,0.49530615522908317,0.01809733843549393,24,40560,2
1043,0.0,0.9906123104581663,0.01809733843549393,24,40560,2
1044,0.0,0.7008062400667114,0.05102125077890391,24,40560,2
1045,0.0,0.1557347200148248,0.051021250778903904,24,40560,2
1046,0.0,0.7260891210575362,0.060573322919271436,24,40560,2
1047,0.0,0.2420297070191788,0.060573322919271436,24,40560,2
1048,0.0,0.0,0.0,24,40560,2
1049,0.0,0.0,0.0,24,40560,2
1050,0.0,0.0,0.0,24,40560,2
1051,1.0,1.0,0.0,24,40560,2
1052,0.0,0.7008062400667114,0.03542839246600433,24,40560,2
1053,0.0,0.1401612480133423,0.03542839246600433,24,40560,2
1054,0.0,0.05511092157085273,0.08387155433500544,24,40560,2
1055,0.0,0.16533276471255842,0.08387155433500543,24,40560,2
1056,0.0,0.3996009284903097,0.1454978155209378,24,40560,2
1057,0.0,0.7992018569806195,0.1454978155209378,24,40560,2
1058,0.0,0.15818658486561643,0.03648130603687851,24,40560,2
1059,0.0,0.9491195091936983,0.036481306036878505,24,40560,2
1060,0.0,0.9761161072098231,0.399706310459359,24,40560,2
1061,0.0,0.6757726896068006,0.39970631045935906,24,40560,2
1062,0.0,0.0,0.0,24,40560,2
1063,1.0,1.0,0.0,24,40560,2
1064,0.0,0.0,0.0,24,40560,2
1065,1.0,1.0,0.0,24,40560,2
1066,0.0,0.0,0.0,24,40560,2
1067,1.0,1.0,0.0,24,40560,2
1068,0.0,0.0,0.0,24,40560,2
1069,1.0,1.0,0.0,24,40560,2
1070,0.0,0.6169795805181473,0.2629509819274499,24,40560,2
1071,0.0,0.6532724970192147,0.2629509819274499,24,40560,2
1072,0.0,0.6124798821205917,0.3429342771250025,24,40560,2
1073,0.0,0.8480490675515884,0.3429342771250025,24,40560,2
1074,0.0,0.0,0.0,24,40560,2
1075,1.0,1.0,0.0,24,40560,2
1076,0.32302106569779143,0.9734564370144874,0.37586920059181317,24,40560,2
1077,0.21534737713186092,0.7008886346504308,0.3758692005918131,24,40560,2
1078,0.0,0.0,0.0,24,40560,2
1079,1.0,1.0,0.0,24,40560,2
1080,0.0,0.4545574208702087,0.18239018673487037,24,40560,2
1081,0.0,0.8182033575663754,0.18239018673487042,24,40560,2
1082,0.0,0.6169795805181473,0.2913913928136901,24,40560,2
1083,0.0,0.7932594606661892,0.2913913928136901,24,40560,2
1084,0.0,0.0,0.0,24,40560,2
1085,1.0,1.0,0.0,24,40560,2
1086,0.0,0.10653576972890932,0.012857874919339287,24,40560,2
1087,0.0,0.9588219275601841,0.012857874919339287,24,40560,2
1088,0.4363458320231488,0.9831975094220906,0.9090242350609771,24,40560,2
1089,0.4363458320231488,0.9831975094220906,0.9090242350609771,24,40560,2
1090,0.0,0.5782117386235036,0.3436029138118416,24,40560,2
1091,0.0,0.8673176079352555,0.34360291381184166,24,40560,2
1092,0.0,0.034199590197526164,0.16099436153129895,24,40560,2
1093,0.0,0.6155926235554698,0.16099436153129895,24,40560,2
1094,0.0,0.0,0.0,24,40560,2
1095,1.0,1.0,0.0,24,40560,2
1096,0.0,0.9827611141346989,0.585888845708585,24,40560,2
1097,0.0,0.884485002721229,0.5858888457085849,24,40560,2
1098,0.0,0.0,0.0,24,40560,2
1099,0.0,0.0,0.0,24,40560,2
1100,0.0,0.0,0.0,24,40560,2
1101,0.0,0.0,0.0,24,40560,2
1102,0.0,0.8693402723881299,0.4537927124308307,24,40560,2
1103,0.0,0.2006169859357223,0.45379271243083064,24,40560,2
1104,0.0,0.0,0.0,24,40560,2
1105,1.0,1.0,0.0,24,40560,2
1106,0.0,0.0,0.0,24,40560,2
1107,1.0,1.0,0.0,24,40560,2
1108,0.0,0.0,0.0,24,40560,2
1109,1.0,1.0,0.0,24,40560,2
1110,0.0,0.0,0.0,24,40560,2
1111,1.0,1.0,0.0,24,40560,2
1112,0.0,0.20473564521133303,0.11974714466418294,24,40560,2
1113,0.0,0.07225963948635283,0.11974714466418297,24,40560,2
1114,0.0,0.14744658535795485,0.08947715678724973,24,40560,2
1115,0.0,0.06805227016520987,0.08947715678724973,24,40560,2
1116,0.0,0.0,0.0,24,40560,2
1117,1.0,1.0,0.0,24,40560,2
1118,0.0,0.8693402723881299,0.4184157472538191,24,40560,2
1119,0.0,0.20864166537315132,0.41841574725381925,24,40560,2
1120,0.0,0.0,0.0,24,40560,2
1121,1.0,1.0,0.0,24,40560,2
1122,0.0,0.0,0.0,24,40560,2
1123,0.0,0.0,0.0,24,40560,2
1124,0.0,0.14744658535795485,0.07959083834209296,24,40560,2
1125,0.0,0.06319139372483773,0.07959083834209296,24,40560,2
1126,0.0,0.0,0.0,24,40560,2
1127,1.0,1.0,0.0,24,40560,2
1128,0.0,0.0,0.0,24,40560,2
1129,0.0,0.0,0.0,24,40560,2
1130,0.0,0.14800080593763687,0.06981974499626603,24,40560,2
1131,0.0,0.04933360197921233,0.06981974499626603,24,40560,2
1132,0.0,0.1181588746894745,0.09701808295228806,24,40560,2
1133,0.0,0.05907943734473731,0.09701808295228807,24,40560,2
1134,0.0,0.10126486863847006,0.1258517631789305,24,40560,2
1135,0.0,0.6075892118308204,0.12585176317893046,24,40560,2
1136,0.0,0.0,0.0,24,40560,2
1137,1.0,1.0,0.0,24,40560,2
1138,0.0,0.14800080593763687,0.05518441028352507,24,40560,2
1139,0.0,0.044400241781291094,0.055184410283525075,24,40560,2
1140,0.18621851304605364,0.23566982165461925,0.01383097463297057,24,40560,2
1141,0.18621851304605364,0.7070094649638576,0.01383097463297057,24,40560,2
1142,0.0,0.7990474654618357,0.08022984279288725,24,40560,2
1143,0.0,0.27659335342909697,0.08022984279288727,24,40560,2
1144,0.0,0.0,0.0,24,40560,2
1145,1.0,1.0,0.0,24,40560,2
1146,0.0,0.0,0.0,24,40560,2
1147,1.0,1.0,0.0,24,40560,2
1148,0.0,0.0,0.0,24,40560,2
1149,1.0,1.0,0.0,24,40560,2
1150,0.0,0.0,0.0,24,40560,2
1151,1.0,1.0,0.0,24,40560,2
1152,0.0,0.9053575592807088,0.18029484573086257,24,40560,2
1153,0.0,0.47930694314861055,0.18029484573086255,24,40560,2
1154,0.0,0.9053575592807088,0.24815823956933494,24,40560,2
1155,0.0,0.6267860025789522,0.24815823956933494,24,40560,2
1156,0.0,0.0,0.0,24,40560,2
1157,1.0,1.0,0.0,24,40560,2
1158,0.0,0.7990474654618357,0.07422441695365736,24,40560,2
1159,0.0,0.28765708756626085,0.07422441695365738,24,40560,2
1160,0.0,0.0,0.0,24,40560,2
1161,1.0,1.0,0.0,24,40560,2
1162,0.0,0.9446643329391757,0.5219585332188537,24,40560,2
1163,0.0,0.8501978996452582,0.5219585332188537,24,40560,2
1164,0.0,0.9053575592807088,0.20359414806466386,24,40560,2
1165,0.0,0.5820155738233128,0.20359414806466386,24,40560,2
1166,0.0,0.0,0.0,24,40560,2
1167,1.0,1.0,0.0,24,40560,2
1168,0.0,0.2201360689907036,0.013333530855827728,24,40560,2
1169,0.0,0.9906123104581663,0.01333353085582773,24,40560,2
1170,0.0,0.7992018569806195,0.15609444433330688,24,40560,2
1171,0.0,0.3996009284903098,0.1560944443333068,24,40560,2
1172,0.30162011775742514,0.9053575592807088,0.28754245795154854,24,40560,2
1173,0.15081005887871257,0.6790181694605315,0.28754245795154865,24,40560,2
1174,0.0,0.0,0.0,24,40560,2
1175,0.0,0.0,0.0,24,40560,2
1176,0.0,0.0,0.0,24,40560,2
1177,1.0,1.0,0.0,24,40560,2
1178,0.0,0.7992018569806195,0.10867025884408507,24,40560,2
1179,0.0,0.3596408356412788,0.10867025884408507,24,40560,2
1180,0.0,0.9490898471199953,0.01787471990323271,24,40560,2
1181,0.0,0.10951036697538408,0.01787471990323271,24,40560,2
1182,0.0,0.0,0.0,24,40560,2
1183,1.0,1.0,0.0,24,40560,2
1184,0.0,0.0,0.0,24,40560,2
1185,1.0,1.0,0.0,24,40560,2
1186,0.0,0.0,0.0,24,40560,2
1187,1.0,1.0,0.0,24,40560,2
1188,0.0,0.0,0.0,24,40560,2
1189,1.0,1.0,0.0,24,40560,2
1190,0.0,0.8240020404519415,0.006182510764712593,24,40560,2
1191,0.0,0.1454121247856368,0.006182510764712592,24,40560,2
1192,0.0,0.8240020404519415,0.008955161392908417,24,40560,2
1193,0.0,0.19015431702737118,0.008955161392908417,24,40560,2
1194,0.0,0.0,0.0,24,40560,2
1195,1.0,1.0,0.0,24,40560,2
1196,0.0,0.9490898471199953,0.0163676572934684,24,40560,2
1197,0.0,0.11389078165439936,0.016367657293468396,24,40560,2
1198,0.0,0.0,0.0,24,40560,2
1199,1.0,1.0,0.0,24,40560,2
1200,0.0,0.7754128382982203,0.012721273179120302,24,40560,2
1201,0.0,0.23262385148946607,0.012721273179120302,24,40560,2
1202,0.0,0.8240020404519415,0.007102794465413505,24,40560,2
1203,0.0,0.17657186581113027,0.007102794465413505,24,40560,2
1204,0.0,0.0,0.0,24,40560,2
1205,1.0,1.0,0.0,24,40560,2
1206,0.4162691028757979,0.5891222492943777,0.15294053695956597,24,40560,2
1207,0.8325382057515957,0.8836833739415664,0.15294053695956597,24,40560,2
1208,0.0,0.9491195091936983,0.039956831511572345,24,40560,2
1209,0.0,0.15818658486561643,0.03995683151157235,24,40560,2
1210,0.3845983952886285,0.8240020404519415,0.010701569461367978,24,40560,2
1211,0.19229919764431425,0.20600051011298548,0.010701569461367978,24,40560,2
1212,0.0,0.0,0.0,24,40560,2
1213,0.0,0.0,0.0,24,40560,2
1214,0.0,0.0,0.0,24,40560,2
1215,1.0,1.0,0.0,24,40560,2
1216,0.0,0.9491195091936983,0.025436311631905014,24,40560,2
1217,0.0,0.1423679263790547,0.025436311631905004,24,40560,2
1218,0.0,0.0,0.0,24,40560,2
1219,1.0,1.0,0.0,24,40560,2
1220,0.0,0.0,0.0,24,40560,2
1221,1.0,1.0,0.0,24,40560,2
1222,0.0,0.0,0.0,24,40560,2
1223,1.0,1.0,0.0,24,40560,2
1224,0.0,0.0,0.0,24,40560,2
1225,1.0,1.0,0.0,24,40560,2
1226,0.0,0.4356914887953476,0.19002349809970412,24,40560,2
1227,0.0,0.6663516887458256,0.19002349809970415,24,40560,2
1228,0.0,0.4193557607077987,0.1752434956171185,24,40560,2
1229,0.0,0.8387115214155975,0.1752434956171185,24,40560,2
1230,0.0,0.0,0.0,24,40560,2
1231,1.0,1.0,0.0,24,40560,2
1232,0.0,0.9215805688499762,0.8213973391999251,24,40560,2
1233,0.0,0.9584437916039752,0.8213973391999253,24,40560,2
1234,0.0,0.0,0.0,24,40560,2
1235,1.0,1.0,0.0,24,40560,2
1236,0.0,0.31464015584594995,0.10070526102643854,24,40560,2
1237,0.0,0.81806440519947,0.10070526102643854,24,40560,2
1238,0.0,0.42247093652149104,0.1596255367022635,24,40560,2
1239,0.0,0.7845888821113405,0.15962553670226357,24,40560,2
1240,0.0,0.0,0.0,24,40560,2
1241,1.0,1.0,0.0,24,40560,2
1242,0.0,0.07373052255370749,0.00616030317322686,24,40560,2
1243,0.0,0.9584967931981978,0.006160303173226861,24,40560,2
1244,0.0,0.6874051830838148,0.41690242106252395,24,40560,2
1245,0.0,0.9929185977877325,0.41690242106252395,24,40560,2
1246,0.0,0.3956316613636608,0.167542305297242,24,40560,2
1247,0.0,0.8572019329545986,0.16754230529724196,24,40560,2
1248,0.0,0.01906130951756313,0.06409927102830545,24,40560,2
1249,0.0,0.4955940474566416,0.06409927102830544,24,40560,2
1250,0.0,0.0,0.0,24,40560,2
1251,1.0,1.0,0.0,24,40560,2
1252,0.0,0.7027081945217275,0.3910657175117469,24,40560,2
1253,0.0,0.9135206528782458,0.391065717511747,24,40560,2
1254,1.0,1.0,0.0,24,40560,2
1255,1.0,1.0,0.0,24,40560,2
1256,1.0,1.0,0.0,24,40560,2
1257,1.0,1.0,0.0,24,40560,2
1258,1.0,1.0,0.0,24,40560,2
1259,1.0,1.0,0.0,24,40560,2
1260,1.0,1.0,0.0,24,40560,2
1261,0.0,0.0,0.0,24,40560,2
1262,1.0,1.0,0.0,24,40560,2
1263,0.0,0.0,0.0,24,40560,2
1264,1.0,1.0,0.0,24,40560,2
1265,1.0,1.0,0.0,24,40560,2
1266,1.0,1.0,0.0,24,40560,2
1267,0.0,0.0,0.0,24,40560,2
1268,1.0,1.0,0.0,24,40560,2
1269,1.0,1.0,0.0,24,40560,2
1270,1.0,1.0,0.0,24,40560,2
1271,0.0,0.0,0.0,24,40560,2
1272,1.0,1.0,0.0,24,40560,2
1273,0.0,0.0,0.0,24,40560,2
1274,1.0,1.0,0.0,24,40560,2
1275,1.0,1.0,0.0,24,40560,2
1276,1.0,1.0,0.0,24,40560,2
1277,0.0,0.0,0.0,24,40560,2
1278,1.0,1.0,0.0,24,40560,2
1279,0.0,0.0,0.0,24,40560,2
1280,1.0,1.0,0.0,24,40560,2
1281,0.0,0.0,0.0,24,40560,2
1282,1.0,1.0,0.0,24,40560,2
1283,0.0,0.0,0.0,24,40560,2
1284,1.0,1.0,0.0,24,40560,2
1285,1.0,1.0,0.0,24,40560,2
1286,1.0,1.0,0.0,24,40560,2
1287,0.0,0.0,0.0,24,40560,2
1288,1.0,1.0,0.0,24,40560,2
1289,1.0,1.0,0.0,24,40560,2
1290,1.0,1.0,0.0,24,40560,2
1291,1.0,1.0,0.0,24,40560,2
1292,1.0,1.0,0.0,24,40560,2
1293,0.0,0.0,0.0,24,40560,2
1294,1.0,1.0,0.0,24,40560,2
1295,0.0,0.0,0.0,24,40560,2
1296,1.0,1.0,0.0,24,40560,2
1297,1.0,1.0,0.0,24,40560,2
1298,1.0,1.0,0.0,24,40560,2
1299,0.0,0.0,0.0,24,40560,2
1300,1.0,1.0,0.0,24,40560,2
1301,1.0,1.0,0.0,24,40560,2
1302,1.0,1.0,0.0,24,40560,2
1303,0.0,0.0,0.0,24,40560,2
1304,1.0,1.0,0.0,24,40560,2
1305,0.0,0.0,0.0,24,40560,2
1306,1.0,1.0,0.0,24,40560,2
1307,1.0,1.0,0.0,24,40560,2
1308,1.0,1.0,0.0,24,40560,2
1309,0.0,0.0,0.0,24,40560,2
1310,1.0,1.0,0.0,24,40560,2
1311,0.0,0.0,0.0,24,40560,2
1312,1.0,1.0,0.0,24,40560,2
1313,0.0,0.0,0.0,24,40560,2
1314,1.0,1.0,0.0,24,40560,2
1315,0.0,0.0,0.0,24,40560,2
1316,1.0,1.0,0.0,24,40560,2
1317,1.0,1.0,0.0,24,40560,2
1318,1.0,1.0,0.0,24,40560,2
1319,0.0,0.0,0.0,24,40560,2
1320,1.0,1.0,0.0,24,40560,2
1321,1.0,1.0,0.0,24,40560,2
1322,1.0,1.0,0.0,24,40560,2
1323,0.0,0.0,0.0,24,40560,2
1324,1.0,1.0,0.0,24,40560,2
1325,0.0,0.0,0.0,24,40560,2
1326,1.0,1.0,0.0,24,40560,2
1327,1.0,1.0,0.0,24,40560,2
1328,1.0,1.0,0.0,24,40560,2
1329,0.0,0.0,0.0,24,40560,2
1330,1.0,1.0,0.0,24,40560,2
1331,1.0,1.0,0.0,24,40560,2
1332,1.0,1.0,0.0,24,40560,2
1333,0.0,0.0,0.0,24,40560,2
1334,1.0,1.0,0.0,24,40560,2
1335,0.0,0.0,0.0,24,40560,2
1336,1.0,1.0,0.0,24,40560,2
1337,1.0,1.0,0.0,24,40560,2
1338,1.0,1.0,0.0,24,40560,2
1339,0.0,0.0,0.0,24,40560,2
1340,1.0,1.0,0.0,24,40560,2
1341,0.0,0.0,0.0,24,40560,2
1342,1.0,1.0,0.0,24,40560,2
1343,0.0,0.0,0.0,24,40560,2
1344,1.0,1.0,0.0,24,40560,2
1345,0.0,0.0,0.0,24,40560,2
1346,1.0,1.0,0.0,24,40560,2
1347,1.0,1.0,0.0,24,40560,2
1348,1.0,1.0,0.0,24,40560,2
1349,0.0,0.0,0.0,24,40560,2
1350,1.0,1.0,0.0,24,40560,2
1351,0.0,0.0,0.0,24,40560,2
1352,1.0,1.0,0.0,24,40560,2
1353,0.0,0.0,0.0,24,40560,2
1354,1.0,1.0,0.0,24,40560,2
1355,1.0,1.0,0.0,24,40560,2
1356,1.0,1.0,0.0,24,40560,2
1357,0.0,0.0,0.0,24,40560,2
1358,1.0,1.0,0.0,24,40560,2
1359,1.0,1.0,0.0,24,40560,2
1360,1.0,1.0,0.0,24,40560,2
1361,0.0,0.0,0.0,24,40560,2
1362,1.0,1.0,0.0,24,40560,2
1363,0.0,0.0,0.0,24,40560,2
1364,1.0,1.0,0.0,24,40560,2
1365,1.0,1.0,0.0,24,40560,2
1366,1.0,1.0,0.0,24,40560,2
1367,0.0,0.0,0.0,24,40560,2
1368,1.0,1.0,0.0,24,40560,2
1369,0.0,0.0,0.0,24,40560,2
1370,1.0,1.0,0.0,24,40560,2
1371,0.0,0.0,0.0,24,40560,2
1372,1.0,1.0,0.0,24,40560,2
1373,0.0,0.0,0.0,24,40560,2
1374,1.0,1.0,0.0,24,40560,2
1375,1.0,1.0,0.0,24,40560,2
1376,1.0,1.0,0.0,24,40560,2
1377,0.0,0.0,0.0,24,40560,2
1378,0.0,0.7599414958143529,0.6412623394329742,24,40560,2
1379,0.0,0.9937696483726154,0.641262339432974,24,40560,2
1380,0.0,0.0,0.0,24,40560,2
1381,1.0,1.0,0.0,24,40560,2
1382,0.0,0.6663516887458256,0.17772563412000184,24,40560,2
1383,0.0,0.4531191483471615,0.17772563412000184,24,40560,2
1384,0.0,0.0,0.0,24,40560,2
1385,1.0,1.0,0.0,24,40560,2
1386,0.0,0.5486326296115523,0.2584253106450434,24,40560,2
1387,0.0,0.9326754703396389,0.25842531064504354,24,40560,2
1388,0.0,0.7996532810094251,0.701850518758753,24,40560,2
1389,0.0,0.9710075555114448,0.7018505187587528,24,40560,2
1390,0.0,0.0,0.0,24,40560,2
1391,1.0,1.0,0.0,24,40560,2
1392,0.0,0.11654262475978427,0.0055621260594580155,24,40560,2
1393,0.0,0.9906123104581663,0.005562126059458016,24,40560,2
1394,0.0,0.6462137572486955,0.2506333375036215,24,40560,2
1395,0.0,0.6103129929571012,0.2506333375036215,24,40560,2
1396,0.0,0.6889056847202957,0.45510404197777415,24,40560,2
1397,0.0,0.9759497200204188,0.45510404197777427,24,40560,2
1398,0.0,0.04252409998135842,0.15421404401553956,24,40560,2
1399,0.0,0.7229096996830917,0.15421404401553956,24,40560,2
1400,0.0,0.0,0.0,24,40560,2
1401,1.0,1.0,0.0,24,40560,2
1402,0.0,0.6462137572486955,0.19133234258327356,24,40560,2
1403,0.0,0.549281693661391,0.19133234258327356,24,40560,2
1404,0.0,0.0,0.0,24,40560,2
1405,1.0,1.0,0.0,24,40560,2
1406,0.0,0.8387115214155975,0.1625455179554301,24,40560,2
1407,0.0,0.43612999113611073,0.1625455179554301,24,40560,2
1408,0.0,0.0,0.0,24,40560,2
1409,1.0,1.0,0.0,24,40560,2
1410,0.0,0.71744266949203,0.3605786487327991,24,40560,2
1411,0.0,0.9326754703396389,0.36057864873279927,24,40560,2
1412,0.0,0.9937696483726154,0.7410156804397141,24,40560,2
1413,0.0,0.9227861020602857,0.7410156804397141,24,40560,2
1414,0.0,0.0,0.0,24,40560,2
1415,1.0,1.0,0.0,24,40560,2
1416,0.0,0.15240189391664094,0.008256433452946651,24,40560,2
1417,0.0,0.9906123104581663,0.008256433452946651,24,40560,2
1418,0.0,0.8388184078516785,0.3300019312325574,24,40560,2
1419,0.0,0.6058132945595456,0.3300019312325574,24,40560,2
1420,0.0,0.9008766646342328,0.6568105977512044,24,40560,2
1421,0.0,0.9759497200204188,0.6568105977512047,24,40560,2
1422,0.0,0.0556084384371609,0.2228121168261014,24,40560,2
1423,0.0,0.7229096996830917,0.2228121168261014,24,40560,2
1424,0.0,0.0,0.0,24,40560,2
1425,1.0,1.0,0.0,24,40560,2
1426,0.0,0.8388184078516785,0.2343621289585932,24,40560,2
1427,0.0,0.5452319651035911,0.2343621289585932,24,40560,2
1428,1.0,1.0,0.0,24,40560,2
1429,0.0,0.0,0.0,24,40560,2
1430,1.0,1.0,0.0,24,40560,2
1431,1.0,1.0,0.0,24,40560,2
1432,1.0,1.0,0.0,24,40560,2
1433,0.0,0.0,0.0,24,40560,2
1434,1.0,1.0,0.0,24,40560,2
1435,0.0,0.0,0.0,24,40560,2
1436,1.0,1.0,0.0,24,40560,2
1437,1.0,1.0,0.0,24,40560,2
1438,1.0,1.0,0.0,24,40560,2
1439,0.0,0.0,0.0,24,40560,2
1440,1.0,1.0,0.0,24,40560,2
1441,0.0,0.0,0.0,24,40560,2
1442,1.0,1.0,0.0,24,40560,2
1443,0.0,0.0,0.0,24,40560,2
1444,1.0,1.0,0.0,24,40560,2
1445,0.0,0.0,0.0,24,40560,2
1446,1.0,1.0,0.0,24,40560,2
1447,1.0,1.0,0.0,24,40560,2
1448,1.0,1.0,0.0,24,40560,2
1449,0.0,0.0,0.0,24,40560,2
1450,0.0,0.0,0.0,24,40560,2
1451,1.0,1.0,0.0,24,40560,2
1452,0.0,0.32722576207978793,0.09317649999726861,24,40560,2
1453,0.0,0.81806440519947,0.09317649999726864,24,40560,2
1454,0.0,0.4393697739823508,0.14902155171517759,24,40560,2
1455,0.0,0.7845888821113405,0.14902155171517759,24,40560,2
1456,0.0,0.0,0.0,24,40560,2
1457,1.0,1.0,0.0,24,40560,2
1458,0.0,0.07667974345585582,0.0056304635231557085,24,40560,2
1459,0.0,0.9584967931981978,0.005630463523155709,24,40560,2
1460,0.0,0.7129864278665257,0.3907650347325607,24,40560,2
1461,0.0,0.9902589275923968,0.3907650347325608,24,40560,2
1462,0.0,0.4114569278182072,0.15486322555242898,24,40560,2
1463,0.0,0.8572019329545986,0.15486322555242898,24,40560,2
1464,0.0,0.019823761898265624,0.058929649885958474,24,40560,2
1465,0.0,0.4955940474566416,0.05892964988595847,24,40560,2
1466,0.0,0.0,0.0,24,40560,2
1467,1.0,1.0,0.0,24,40560,2
1468,0.3304334400250196,0.7526003635539762,0.46813938605643707,24,40560,2
1469,0.4956501600375294,0.9407504544424703,0.468139386056437,24,40560,2
1470,1.0,1.0,0.0,24,40560,2
1471,0.0,0.0,0.0,24,40560,2
1472,1.0,1.0,0.0,24,40560,2
1473,0.0,0.0,0.0,24,40560,2
1474,1.0,1.0,0.0,24,40560,2
1475,1.0,1.0,0.0,24,40560,2
1476,1.0,1.0,0.0,24,40560,2
1477,0.0,0.0,0.0,24,40560,2
1478,1.0,1.0,0.0,24,40560,2
1479,0.0,0.0,0.0,24,40560,2
1480,1.0,1.0,0.0,24,40560,2
1481,0.0,0.0,0.0,24,40560,2
1482,1.0,1.0,0.0,24,40560,2
1483,0.0,0.0,0.0,24,40560,2
1484,1.0,1.0,0.0,24,40560,2
1485,1.0,1.0,0.0,24,40560,2
1486,1.0,1.0,0.0,24,40560,2
1487,0.0,0.0,0.0,24,40560,2
1488,0.0,0.9326754703396389,0.2931840163633847,24,40560,2
1489,0.0,0.6661967645283136,0.2931840163633847,24,40560,2
1490,0.0,0.0,0.0,24,40560,2
1491,1.0,1.0,0.0,24,40560,2
1492,0.0,0.1981224620916333,0.012137721091392271,24,40560,2
1493,0.0,0.9906123104581663,0.012137721091392271,24,40560,2
1494,0.45594879948770983,0.8182033575663754,0.19563928972172925,24,40560,2
1495,0.45594879948770983,0.4545574208702087,0.19563928972172914,24,40560,2
1496,0.3846181535474176,0.9415475344168633,0.4637959098144237,24,40560,2
1497,0.1923090767737088,0.7846229453473861,0.4637959098144234,24,40560,2
1498,0.0,0.0,0.0,24,40560,2
1499,0.0,0.0,0.0,24,40560,2
1500,0.0,0.0,0.0,24,40560,2
1501,1.0,1.0,0.0,24,40560,2
1502,0.0,0.8182033575663754,0.1363079528982775,24,40560,2
1503,0.0,0.4091016787831878,0.13630795289827746,24,40560,2
1504,0.0,0.0,0.0,24,40560,2
1505,1.0,1.0,0.0,24,40560,2
1506,0.0,0.1415160443511666,0.0064418256154836154,24,40560,2
1507,0.0,0.9906123104581663,0.0064418256154836154,24,40560,2
1508,0.0,0.7846881338019873,0.27868197965401653,24,40560,2
1509,0.0,0.6103129929571012,0.2786819796540166,24,40560,2
1510,0.0,0.8365283314460733,0.5222161555081253,24,40560,2
1511,0.0,0.9759497200204188,0.5222161555081253,24,40560,2
1512,0.0,0.05163640712022077,0.17702107995012753,24,40560,2
1513,0.0,0.7229096996830917,0.17702107995012753,24,40560,2
1514,0.0,0.0,0.0,24,40560,2
1515,1.0,1.0,0.0,24,40560,2
1516,0.0,0.7846881338019873,0.20725666697532188,24,40560,2
1517,0.0,0.549281693661391,0.20725666697532183,24,40560,2
1518,1.0,1.0,0.0,24,40560,2
1519,0.0,0.0,0.0,24,40560,2
1520,1.0,1.0,0.0,24,40560,2
1521,0.0,0.0,0.0,24,40560,2
1522,1.0,1.0,0.0,24,40560,2
1523,0.0,0.0,0.0,24,40560,2
1524,1.0,1.0,0.0,24,40560,2
1525,0.0,0.0,0.0,24,40560,2
1526,1.0,1.0,0.0,24,40560,2
1527,1.0,1.0,0.0,24,40560,2
1528,1.0,1.0,0.0,24,40560,2
1529,0.0,0.0,0.0,24,40560,2
1530,0.0,0.9588219275601841,0.014144699803825125,24,40560,2
1531,0.0,0.10653576972890932,0.014144699803825126,24,40560,2
1532,0.0,0.9906123104581663,0.010023207559439208,24,40560,2
1533,0.0,0.16510205174302772,0.010023207559439208,24,40560,2
1534,0.0,0.0,0.0,24,40560,2
1535,0.0,0.0,0.0,24,40560,2
1536,0.0,0.0,0.0,24,40560,2
1537,1.0,1.0,0.0,24,40560,2
1538,0.0,0.9588219275601841,0.008842140031421343,24,40560,2
1539,0.0,0.09588219275601839,0.008842140031421343,24,40560,2
1540,0.42866935405970785,0.5715451510624576,0.32947942848004,24,40560,2
1541,0.21433467702985398,0.8573177265936864,0.32947942848004014,24,40560,2
1542,0.0,0.027533002636480064,0.13529525045256063,24,40560,2
1543,0.0,0.4955940474566416,0.13529525045256063,24,40560,2
1544,0.0,0.0,0.0,24,40560,2
1545,1.0,1.0,0.0,24,40560,2
1546,0.0,0.9995636047126082,0.6224840381653386,24,40560,2
1547,0.0,0.8996072442413474,0.6224840381653385,24,40560,2
1548,0.22465899092349328,0.0748863303078311,0.35575337225712195,24,40560,2
1549,0.8986359636939729,0.8986359636939729,0.35575337225712195,24,40560,2
1550,0.0,0.0,0.0,24,40560,2
1551,1.0,1.0,0.0,24,40560,2
1552,0.0,0.8573177265936864,0.22775792509311374,24,40560,2
1553,0.0,0.5143906359562118,0.2277579250931137,24,40560,2
1554,0.0,0.0,0.0,24,40560,2
1555,1.0,1.0,0.0,24,40560,2
1556,0.0,0.4955940474566416,0.08936785060475047,24,40560,2
1557,0.0,0.024779702372832113,0.08936785060475047,24,40560,2
1558,1.0,1.0,0.0,24,40560,2
1559,0.0,0.0,0.0,24,40560,2
